Quantum_Key_Size_bits,Quantum_Protocol_Type,Key_Distribution_Method,Encryption_Strength,Attack_Type,Vulnerability_Level,Data_Variety,Data_Complexity,Real_Time_Processing,Optimization_Level
3,1,0,1,2,0,2,1,1,3
3,1,1,1,3,0,2,1,1,3
3,2,0,0,0,2,0,0,1,0
0,0,2,0,3,3,1,0,0,2
1,2,2,1,0,2,0,0,0,2
0,3,0,0,1,1,3,2,0,2
0,2,0,1,2,3,0,0,1,1
3,3,2,2,2,2,0,2,0,0
2,1,2,1,1,2,1,2,1,1
0,1,0,1,2,0,3,0,0,3
1,3,1,1,1,0,0,2,1,3
3,2,1,1,3,3,3,0,1,3
1,3,0,1,2,3,3,0,0,2
0,0,2,2,2,0,2,0,1,3
1,2,0,1,1,2,1,0,0,1
1,0,2,1,0,0,0,2,0,1
0,0,1,1,3,0,1,1,1,1
1,2,1,0,1,2,2,2,0,0
2,3,1,0,0,0,3,2,1,0
2,0,1,1,3,1,2,2,0,1
0,2,2,1,3,0,3,2,1,1
2,3,1,0,0,0,2,0,1,1
2,2,1,1,2,2,0,1,0,2
2,2,0,1,1,1,1,2,0,2
3,1,1,1,2,3,0,0,1,0
0,3,0,0,0,3,0,0,1,2
1,1,2,2,0,0,3,2,1,0
2,0,0,2,3,2,0,2,1,0
0,3,0,1,0,3,3,2,0,1
3,2,2,2,3,3,0,2,1,3
3,2,2,0,0,0,0,0,1,2
2,2,1,2,1,0,0,0,1,2
3,0,1,2,1,3,2,2,1,0
1,2,2,1,2,2,0,2,1,1
1,3,2,0,3,2,2,1,0,0
2,0,2,2,1,2,0,0,1,0
3,2,0,1,2,0,2,1,0,0
3,0,0,0,3,0,3,2,1,2
3,0,2,2,2,3,3,1,1,2
1,0,1,1,3,0,1,1,0,2
0,3,1,1,0,3,1,2,1,2
3,1,1,2,1,1,3,0,0,2
0,0,2,1,2,1,0,0,0,1
3,3,0,0,2,3,0,1,1,0
2,3,0,2,2,1,0,1,1,2
3,2,0,0,2,1,2,1,0,0
3,3,1,0,1,0,3,1,1,2
2,2,2,0,2,2,1,1,0,1
1,3,0,1,3,2,0,0,1,3
1,0,0,2,1,0,2,0,1,0
0,1,2,1,2,3,3,0,1,1
0,0,2,0,1,0,1,1,0,0
1,1,0,0,1,0,1,2,1,2
2,2,2,2,2,0,3,0,0,3
1,3,1,1,3,0,3,1,1,1
0,1,0,0,0,3,1,2,1,1
0,1,2,1,0,0,2,2,0,1
2,0,0,2,0,3,0,0,0,2
0,0,2,0,0,3,1,0,1,2
0,3,0,2,3,0,3,0,0,2
3,1,0,2,3,0,1,0,1,1
2,1,1,2,3,2,1,1,1,0
2,0,1,2,2,3,0,1,1,1
3,2,0,2,1,1,2,1,1,1
0,3,1,2,1,3,3,2,1,0
2,2,0,1,2,2,3,0,1,2
3,1,1,0,2,0,2,1,1,3
3,1,2,1,2,3,2,2,1,2
1,0,2,0,0,0,3,0,0,3
2,3,1,2,1,3,0,1,0,2
2,1,1,1,3,3,0,1,0,1
1,0,2,2,1,1,0,0,0,0
0,1,2,2,2,2,0,0,1,1
3,0,2,1,0,0,0,0,1,3
3,1,0,1,3,2,1,2,0,3
3,0,2,1,0,2,3,1,1,1
1,3,2,0,2,0,0,0,0,2
0,3,2,1,2,2,2,0,0,2
3,1,1,1,3,0,3,0,1,2
2,1,2,2,1,1,3,1,0,2
3,0,2,1,0,1,2,2,0,0
2,0,0,2,1,2,3,0,1,0
3,2,1,1,3,0,3,2,0,3
2,3,2,1,1,3,3,2,1,2
2,2,0,2,3,0,2,1,0,2
2,0,1,2,1,2,2,0,1,2
2,3,0,0,1,3,1,1,1,1
0,2,1,1,3,2,0,1,1,1
3,2,0,0,1,1,3,0,0,0
1,0,1,1,1,2,1,1,0,1
0,1,0,2,0,0,2,0,1,0
0,2,0,0,3,2,2,1,1,0
2,3,1,2,2,0,1,1,0,2
0,2,2,1,2,2,0,0,1,3
3,3,1,2,3,1,0,0,1,2
1,0,1,2,1,0,1,1,0,0
3,2,0,0,0,3,0,2,1,0
2,0,2,1,2,2,0,0,0,2
2,2,1,2,1,1,1,2,0,3
3,0,2,2,0,3,3,0,0,1
3,1,0,0,0,1,2,2,1,0
3,1,0,0,3,0,1,0,1,3
0,0,0,2,3,1,3,2,1,3
1,1,1,2,0,3,1,0,1,0
3,0,2,2,0,0,1,2,0,2
2,1,1,2,0,2,3,2,0,3
2,0,0,0,0,1,1,2,1,2
3,3,2,1,1,0,1,2,1,0
0,3,1,2,0,2,0,2,0,1
2,1,2,2,2,3,3,0,1,0
1,2,0,2,2,3,3,2,1,0
3,0,2,2,0,2,1,2,1,3
1,3,0,0,2,1,2,1,0,0
2,0,0,2,1,3,0,1,1,0
3,1,2,0,3,2,0,1,1,1
1,2,0,1,2,3,3,2,0,0
0,1,1,2,0,0,2,1,1,1
3,3,0,2,3,1,3,1,1,0
3,0,0,1,1,3,1,0,1,3
0,2,0,1,0,3,3,1,1,3
3,1,1,0,0,2,1,0,1,0
0,3,0,2,0,2,0,1,1,3
2,1,1,1,1,1,0,1,0,3
1,2,0,2,0,0,0,0,1,0
1,1,2,1,3,2,3,1,1,2
2,3,2,1,0,1,1,2,0,2
3,3,2,1,2,1,1,2,1,2
2,1,1,1,1,1,3,0,1,3
1,0,0,0,0,1,0,2,1,3
3,3,2,1,1,1,2,1,1,2
2,1,1,0,2,2,3,0,1,1
3,0,0,0,0,2,0,1,1,3
1,2,1,1,1,2,2,0,0,2
2,0,0,0,3,3,0,0,0,2
0,3,2,1,0,2,3,2,1,2
3,3,2,2,1,2,3,0,0,1
2,3,0,2,3,0,0,1,0,0
0,1,0,0,3,0,2,1,1,0
3,0,0,0,2,1,0,0,0,2
0,2,2,0,2,1,3,0,1,0
1,2,1,2,1,2,0,1,1,2
3,1,1,0,0,3,1,0,0,0
2,3,0,0,2,2,1,1,1,3
3,0,2,0,2,1,0,2,0,2
1,2,0,2,3,1,2,2,1,3
2,0,1,2,2,3,2,1,1,0
1,0,1,0,3,1,3,2,0,2
3,0,0,2,2,1,3,2,1,2
0,1,2,0,1,0,1,1,1,2
2,2,1,0,2,2,0,2,1,2
1,0,1,1,3,3,2,0,1,1
2,3,0,1,3,3,0,1,0,3
3,1,0,1,1,1,3,0,0,3
1,3,1,1,2,1,2,2,0,3
3,2,1,1,2,2,0,0,1,1
2,2,2,1,0,3,1,2,0,1
2,0,0,2,2,2,2,2,0,2
2,2,0,0,0,1,2,1,0,0
2,1,2,0,1,1,1,1,1,3
3,0,2,0,1,0,0,0,0,0
0,1,0,2,1,2,1,0,0,2
2,2,1,1,1,0,0,1,1,1
0,3,0,0,1,3,0,0,0,2
0,2,0,0,1,2,2,0,1,3
1,2,2,1,2,3,2,1,1,3
2,2,0,0,1,3,1,1,0,3
3,1,1,1,0,2,1,0,0,0
3,0,0,2,1,1,1,0,1,0
1,1,0,2,0,1,0,1,0,3
3,3,0,0,3,1,1,0,1,2
0,0,2,1,3,0,3,1,0,1
3,3,2,2,2,0,0,1,0,2
0,2,0,2,0,1,0,1,1,3
0,1,2,1,3,0,3,2,1,1
1,2,0,2,3,3,2,1,0,0
2,2,2,0,0,0,0,2,0,1
2,1,2,1,0,0,2,1,1,1
0,2,2,1,1,0,0,1,1,0
2,1,0,0,1,0,0,1,1,3
2,0,0,0,0,0,1,1,0,2
0,1,0,0,2,3,2,1,1,1
2,3,2,0,2,2,0,1,1,1
2,3,2,2,0,3,1,1,0,0
1,2,1,2,3,3,3,0,0,0
0,2,1,1,2,2,2,0,1,1
1,2,0,1,0,2,1,0,1,1
3,0,2,1,3,3,1,1,1,2
1,1,1,1,2,2,1,2,1,0
0,3,1,1,2,1,0,1,0,2
0,2,0,1,2,3,0,0,1,3
3,0,1,0,3,3,3,0,0,2
1,2,2,0,2,0,0,2,0,1
3,1,0,2,3,2,3,0,1,2
2,0,0,1,1,1,2,1,1,0
0,0,2,0,3,1,0,1,0,0
0,3,1,2,2,2,2,1,1,3
0,3,2,1,3,1,2,1,1,0
2,2,1,2,3,1,0,1,1,3
2,0,0,1,1,1,2,0,1,2
1,1,2,1,3,1,2,2,1,1
1,1,2,2,0,1,0,0,1,3
2,2,1,1,3,0,1,0,0,1
3,2,1,1,2,1,2,0,1,3
2,1,0,1,1,0,1,1,0,2
0,0,1,1,3,3,2,1,0,2
3,1,2,2,0,2,2,2,0,0
1,0,1,1,1,3,3,2,1,3
0,0,2,0,0,0,3,2,0,0
1,1,1,2,1,1,1,0,0,2
1,3,1,2,1,1,3,1,1,2
2,0,1,2,0,3,2,0,0,0
3,3,0,2,1,2,2,0,0,0
0,2,1,0,0,2,1,2,1,1
3,3,1,0,3,0,2,2,1,1
2,1,1,1,1,1,1,2,0,0
2,3,2,1,1,0,0,2,1,0
1,2,2,2,2,0,3,2,0,2
0,0,1,1,3,3,0,2,0,1
1,3,0,2,2,0,2,2,0,1
3,1,2,2,1,1,3,1,1,0
0,2,2,0,2,0,3,2,0,2
2,0,2,2,0,1,0,0,1,2
2,1,2,1,1,3,0,1,0,1
2,3,2,1,0,2,3,2,1,1
2,1,2,0,2,1,0,1,0,3
2,3,2,0,3,3,2,2,1,0
3,1,0,0,2,0,0,1,1,0
2,2,1,0,0,2,1,1,0,2
2,3,0,1,2,1,2,1,0,0
1,1,1,2,1,2,1,0,1,2
2,2,2,0,1,1,2,2,1,2
1,1,2,1,1,0,1,0,1,1
3,3,2,2,1,2,3,0,1,0
1,3,0,2,0,1,1,1,0,3
0,0,0,1,2,3,2,1,1,0
0,2,1,2,0,1,2,1,0,2
2,2,2,1,3,3,1,2,0,1
2,0,2,0,1,2,1,2,0,0
0,0,1,2,0,0,3,0,1,3
2,2,0,0,2,0,2,2,1,2
0,0,1,0,0,3,3,0,0,1
2,0,1,2,3,1,1,2,1,2
3,1,2,2,2,3,1,0,1,3
2,2,2,0,2,1,3,2,1,2
3,0,1,1,3,3,0,1,0,0
0,3,2,1,0,0,2,0,0,2
2,1,0,2,2,2,3,2,1,1
1,2,1,2,0,1,3,1,0,0
1,1,1,0,3,2,2,2,0,1
2,0,0,2,1,2,2,0,1,0
1,2,2,2,3,1,3,1,1,1
3,2,2,0,1,1,2,0,1,1
3,0,0,0,1,3,3,2,0,1
2,0,0,1,0,3,0,1,0,1
1,1,2,0,2,0,3,2,1,3
2,1,1,1,3,0,1,0,1,0
3,2,0,1,1,0,2,1,0,0
2,2,2,2,3,0,3,2,1,3
0,2,2,2,2,3,2,1,1,3
1,1,1,2,0,2,3,0,1,3
2,2,2,1,1,1,2,0,0,2
1,3,1,0,3,0,3,0,0,3
1,1,0,2,1,3,2,0,0,3
1,3,1,1,0,1,2,2,0,0
1,2,1,1,3,3,3,2,1,3
1,0,2,0,1,0,2,1,1,1
1,2,0,2,1,0,1,2,1,2
0,0,2,1,2,0,0,1,1,3
2,2,1,2,2,3,1,1,1,0
0,0,2,0,3,1,3,2,1,0
1,3,2,0,3,2,1,1,0,3
1,0,2,2,3,3,2,2,1,2
3,3,0,1,3,1,2,2,0,3
0,1,1,2,2,1,0,0,0,2
0,1,0,0,2,3,0,0,0,3
0,3,0,0,1,2,3,0,1,0
0,2,2,1,0,2,2,1,0,1
0,2,0,1,1,2,1,0,1,3
0,2,2,0,0,0,1,2,1,2
3,0,0,0,2,0,0,1,1,3
0,2,1,2,2,1,2,2,1,2
3,3,2,0,2,3,3,2,0,3
0,0,1,1,3,1,0,0,1,1
0,1,0,1,2,0,1,0,0,1
3,1,0,2,0,1,2,1,1,2
0,2,0,1,1,1,3,2,0,2
1,2,1,2,0,3,1,1,0,1
3,3,1,1,2,3,1,0,0,0
0,1,1,0,0,1,2,0,1,3
1,3,1,0,3,1,1,0,0,0
2,1,2,0,3,2,1,1,1,3
1,1,2,0,0,0,2,0,1,0
3,3,1,2,2,2,3,1,1,3
0,3,0,1,2,3,3,1,0,3
0,3,0,2,1,0,3,2,0,2
3,2,1,2,2,1,2,2,1,1
2,3,1,1,2,0,0,2,1,2
1,2,1,0,0,1,2,0,1,2
3,0,0,0,1,1,1,0,0,2
0,0,0,1,2,2,0,2,0,3
2,1,0,2,3,0,2,0,1,1
1,0,0,1,3,0,1,2,0,0
0,3,0,2,3,1,0,1,0,3
1,0,1,2,1,3,0,2,0,0
3,0,0,0,1,1,2,0,0,2
3,1,1,2,3,1,1,1,1,3
3,0,0,0,1,1,1,0,0,2
0,1,1,2,1,3,1,0,0,2
1,1,1,2,3,0,2,0,1,1
1,0,1,0,2,2,0,0,0,1
3,0,1,0,3,0,1,0,0,1
3,2,2,2,3,2,2,1,0,2
3,1,1,2,0,3,1,1,0,0
2,1,0,1,0,2,1,1,1,1
0,0,1,2,3,1,0,2,0,2
2,0,1,0,1,0,2,2,0,0
1,3,2,0,0,3,2,1,1,1
3,2,0,0,1,1,2,1,1,0
3,1,1,1,1,3,1,2,1,3
3,3,0,0,0,3,1,0,0,1
1,2,0,2,1,3,3,0,0,1
2,1,2,2,1,3,3,2,0,1
2,1,2,1,1,0,2,0,1,0
2,3,0,0,0,0,1,0,1,1
3,2,0,0,1,2,0,1,1,3
2,2,0,1,1,2,2,1,1,2
1,1,1,2,3,1,2,2,1,1
2,2,1,0,1,0,3,0,0,1
0,1,1,1,1,3,2,2,0,0
0,1,1,2,2,1,0,0,1,0
3,3,2,1,0,3,1,2,1,0
0,1,2,1,3,1,3,2,0,2
1,3,0,2,3,3,1,0,0,1
3,0,0,0,3,2,0,1,0,1
2,3,1,2,3,0,3,0,1,1
3,1,0,2,3,0,1,0,1,2
2,1,0,1,1,1,0,0,1,0
2,0,0,0,1,1,3,1,0,0
2,2,1,1,1,3,3,1,0,0
2,3,1,0,0,3,1,2,1,0
1,2,2,2,1,2,3,0,0,1
1,3,2,2,2,3,2,0,1,0
2,3,0,1,2,2,2,2,1,0
1,0,0,2,3,1,0,2,1,3
3,2,0,1,1,1,1,0,0,1
1,3,1,1,2,0,0,0,0,3
0,1,0,2,3,3,2,2,0,2
2,0,0,2,2,3,2,2,1,2
3,2,2,0,1,1,1,1,0,3
2,3,2,1,2,1,0,2,0,0
0,2,1,2,2,0,3,0,1,1
0,3,1,2,2,0,0,1,1,0
0,1,0,2,0,1,1,0,0,1
2,1,1,2,0,0,2,1,0,3
0,0,2,2,1,3,1,2,1,2
0,3,0,0,0,0,3,2,1,2
2,2,1,1,1,0,1,1,0,2
3,1,1,2,3,0,3,2,0,1
3,2,1,0,0,0,0,2,0,2
0,2,2,1,1,3,1,0,0,1
3,0,0,0,1,1,0,0,0,3
1,0,0,2,0,0,2,1,0,0
2,1,1,2,3,2,2,2,1,3
1,0,1,1,3,3,3,1,0,0
2,2,1,2,0,0,2,1,1,1
1,1,1,1,2,3,1,2,1,0
3,2,1,1,2,1,2,2,0,0
1,0,1,2,1,1,3,1,0,2
0,0,1,1,1,2,2,2,1,3
2,3,0,1,0,3,0,1,0,1
0,2,0,2,2,3,1,2,1,3
2,1,2,2,3,3,3,1,0,2
1,1,0,2,1,0,1,1,0,2
0,0,0,2,1,3,1,1,1,2
3,2,1,0,0,3,0,1,1,2
3,1,2,1,3,1,3,0,0,1
3,0,0,1,3,2,1,1,1,1
1,2,2,2,2,0,3,2,1,2
3,1,0,1,2,1,3,0,1,0
1,0,2,0,2,3,0,2,0,3
1,3,0,2,3,2,1,2,1,3
2,2,2,0,1,1,0,1,1,1
2,2,2,2,0,3,0,0,1,3
3,1,0,1,2,1,1,2,1,1
1,0,1,1,0,2,3,0,0,0
2,3,2,1,2,3,2,1,0,1
0,2,1,0,2,3,1,2,0,2
2,0,0,2,3,2,1,2,0,1
1,3,2,2,0,0,2,0,1,1
0,0,0,1,1,0,2,1,1,1
3,0,2,1,2,1,0,0,0,2
0,3,2,2,3,1,2,2,0,0
3,1,0,2,2,2,1,1,1,0
1,0,1,0,1,2,0,1,0,0
1,0,1,0,1,3,1,2,0,1
0,1,0,0,2,1,0,0,0,0
3,0,2,1,2,1,0,1,0,1
3,3,0,0,1,2,2,2,0,1
2,3,0,1,3,3,1,0,1,0
3,3,1,1,3,1,2,2,1,2
1,1,1,1,2,3,0,2,0,1
3,0,0,1,1,3,0,2,0,0
0,1,2,2,0,1,3,1,0,0
1,2,0,0,1,3,0,0,0,0
1,2,2,0,2,2,0,0,0,0
0,0,0,2,3,2,3,2,1,0
2,3,1,0,3,0,1,1,1,1
3,2,2,1,2,1,3,0,0,1
3,2,0,2,1,2,2,2,1,0
0,1,0,2,1,2,2,1,0,0
0,1,1,1,1,1,3,1,0,0
0,3,1,1,3,2,2,0,0,2
3,1,2,0,3,1,0,2,1,2
3,3,2,0,2,0,1,1,0,2
0,2,0,1,2,3,0,1,0,1
3,3,0,0,1,2,2,0,1,1
2,0,2,2,0,2,2,2,1,2
2,1,1,1,3,2,1,1,0,0
1,1,2,2,3,0,3,1,1,1
0,1,1,0,2,3,3,0,1,2
2,2,2,0,1,3,0,1,1,3
2,0,2,2,1,2,1,0,1,3
0,3,2,2,1,2,1,0,1,1
3,0,0,1,1,2,1,1,0,3
1,2,1,2,1,1,2,0,1,0
0,3,1,1,3,3,1,1,0,1
3,2,1,0,2,2,0,2,0,1
1,1,2,1,1,2,1,1,0,1
3,0,0,0,0,0,1,0,0,3
2,1,1,1,2,3,0,1,0,3
1,2,1,1,1,3,2,0,1,1
2,0,0,0,3,3,3,2,1,3
3,3,1,2,1,1,3,2,1,3
3,1,0,0,2,3,0,2,1,2
1,3,2,0,3,2,3,2,0,1
2,0,2,1,1,0,2,0,1,0
2,0,2,2,1,1,3,1,1,0
0,1,2,2,2,2,0,2,1,0
0,3,1,2,3,1,0,2,0,0
2,0,1,2,0,3,0,0,0,3
3,2,0,0,3,3,2,2,0,3
0,1,2,0,3,2,2,0,0,1
1,1,1,1,3,2,3,2,1,3
2,1,0,0,1,3,3,2,1,2
3,2,1,1,2,2,0,2,1,0
3,2,1,2,3,1,3,0,0,0
1,0,1,0,0,1,0,2,0,2
2,1,2,0,2,1,1,2,1,2
2,3,2,0,1,0,1,2,1,2
3,2,2,2,0,3,1,0,1,0
1,1,0,0,2,1,2,1,0,0
2,1,0,2,3,1,1,2,0,0
2,2,2,0,1,3,0,2,0,1
3,3,2,1,1,0,3,0,1,2
1,2,0,1,3,0,0,0,0,1
0,0,1,2,1,3,0,1,1,0
0,0,0,0,3,0,0,2,0,0
3,0,1,2,3,0,3,2,0,3
0,2,1,2,3,1,1,1,0,1
0,2,1,2,2,1,0,2,1,3
0,2,2,0,2,1,2,2,0,3
3,1,0,2,3,3,3,1,0,3
3,1,0,1,0,1,1,2,0,2
3,1,1,0,1,3,2,1,0,1
0,1,0,2,2,0,1,2,0,2
0,3,2,0,1,0,0,0,1,2
3,2,0,0,2,0,0,0,1,0
2,1,1,1,0,3,0,2,1,0
1,1,2,1,2,1,0,2,1,3
2,1,0,0,2,1,1,0,0,0
3,3,0,1,3,3,0,0,0,1
0,1,2,0,2,3,3,0,1,2
2,0,2,1,3,2,2,0,0,3
0,3,2,2,0,0,0,1,0,2
0,0,2,1,0,3,3,2,1,1
2,0,1,2,1,3,0,1,0,1
3,3,0,2,1,2,3,1,0,0
1,1,0,1,3,0,3,0,0,0
0,2,1,1,2,2,3,0,1,2
1,2,2,2,2,0,0,0,0,3
1,0,0,0,0,0,3,2,0,0
2,2,2,2,2,2,3,2,0,3
2,1,1,1,2,1,2,0,1,1
3,3,2,2,0,1,2,2,0,1
2,2,1,2,2,1,2,1,1,3
0,2,1,0,3,3,2,2,1,2
1,3,2,0,2,2,1,0,1,1
2,3,2,1,0,3,1,1,0,2
0,3,1,0,2,1,2,0,0,0
0,1,2,0,1,1,1,0,1,1
2,0,1,2,1,3,0,0,1,2
0,3,1,1,1,1,0,0,0,0
1,1,2,1,3,0,0,0,0,3
2,1,0,2,2,0,1,2,1,0
2,1,1,1,0,2,2,2,0,1
1,3,2,2,0,0,2,1,1,3
1,0,1,1,3,0,3,1,1,3
0,3,1,1,3,2,2,2,0,2
0,2,1,2,1,3,0,0,0,2
2,1,0,0,1,2,1,1,1,0
1,0,2,2,3,1,0,0,0,1
3,3,1,2,3,0,1,0,1,0
0,1,0,0,3,0,1,1,1,3
2,3,1,0,1,1,3,0,1,3
1,2,0,0,0,1,3,0,1,0
1,3,1,0,1,2,0,2,1,1
3,0,2,0,0,3,2,1,0,1
1,1,1,2,3,1,3,0,0,1
2,0,1,1,2,3,1,1,0,1
3,2,0,2,2,2,1,0,0,2
2,0,1,2,2,1,2,1,1,1
2,1,0,2,0,1,2,1,0,3
0,2,0,1,1,3,2,0,1,1
2,0,2,2,3,2,2,2,0,1
2,0,0,2,2,1,0,2,0,2
2,1,1,0,2,2,0,0,1,1
1,1,2,0,2,0,2,1,1,1
2,1,2,0,0,1,3,2,0,1
1,2,0,0,0,2,1,2,0,1
1,0,1,2,2,3,0,1,0,1
0,0,2,1,1,1,3,0,1,1
3,3,0,0,2,3,1,0,1,0
2,3,1,2,1,1,3,2,0,2
3,3,2,0,2,3,0,2,0,0
3,2,0,1,3,3,0,0,0,1
2,0,2,0,3,2,0,2,0,0
2,1,0,2,0,3,2,0,0,0
1,1,0,0,1,2,0,0,0,2
0,0,0,2,2,1,2,2,1,0
1,1,2,2,1,3,3,1,0,1
3,2,0,0,2,1,1,1,0,1
0,0,1,2,0,3,2,1,1,2
2,2,0,1,2,3,3,2,1,1
1,0,1,0,3,0,3,2,0,1
0,0,2,0,2,3,1,2,1,1
3,1,1,0,0,3,2,0,1,3
3,1,2,1,3,1,2,1,1,3
0,1,1,1,2,2,3,0,1,0
2,0,0,0,1,0,3,1,0,0
0,2,2,1,1,2,1,0,1,1
0,1,2,2,3,2,3,1,1,1
3,2,2,2,2,1,1,2,0,1
0,3,1,2,0,0,0,0,0,3
1,2,0,1,3,1,3,0,0,1
3,3,2,1,0,0,2,2,1,0
1,3,2,1,3,2,1,0,1,3
0,0,0,2,2,2,3,0,1,2
3,2,0,0,1,3,0,2,0,3
1,3,1,1,0,3,1,1,0,2
2,2,1,1,3,0,1,0,1,1
3,0,1,1,2,3,2,1,0,3
1,2,2,0,0,3,1,2,0,0
1,2,1,1,2,3,0,1,0,1
0,0,0,1,3,2,1,1,1,2
0,3,2,2,3,3,0,0,1,2
3,1,0,1,1,2,1,0,0,2
1,2,2,1,1,3,0,1,1,1
2,2,0,0,2,2,3,0,1,1
2,0,0,2,0,1,0,1,1,2
1,2,2,1,2,3,1,2,1,0
3,2,2,2,1,1,1,0,1,3
2,2,1,2,0,1,2,2,0,1
1,3,0,2,2,0,0,0,0,3
3,3,1,1,1,3,1,2,1,2
3,2,2,2,1,2,0,2,0,3
1,3,1,1,0,1,1,1,1,0
3,1,1,1,3,1,2,1,0,2
0,2,0,0,3,3,2,2,0,2
0,2,1,0,3,1,2,0,0,3
2,1,1,2,2,3,3,0,0,1
2,0,0,2,3,0,2,2,0,0
2,1,0,0,2,1,3,2,1,0
2,3,0,2,2,2,2,2,0,0
1,2,1,0,3,1,3,2,1,0
3,1,1,0,1,3,0,1,1,2
0,0,0,1,2,0,3,0,0,3
2,0,1,1,3,0,0,0,1,2
1,1,2,0,2,1,1,1,1,0
0,2,1,0,3,1,1,2,0,3
1,1,1,1,3,1,0,1,1,1
2,1,2,0,0,3,2,1,0,3
0,0,2,0,2,3,0,1,1,1
2,0,1,1,0,2,1,0,0,1
2,0,2,0,3,0,3,0,1,1
1,1,2,0,2,3,3,0,1,0
3,1,2,1,0,0,3,1,0,0
0,3,1,2,2,2,3,1,0,0
3,2,2,2,0,3,2,1,0,2
2,3,2,0,0,1,0,0,1,3
3,2,2,1,1,3,1,0,1,2
1,2,1,1,0,2,1,1,0,3
2,2,1,0,3,0,1,0,0,1
0,1,2,1,2,1,0,0,0,0
0,3,1,1,2,3,3,2,1,3
0,2,2,1,0,1,3,0,1,1
3,1,2,0,1,1,0,0,1,2
1,2,1,2,1,0,0,0,1,0
2,1,0,2,3,0,0,0,0,2
1,1,2,1,2,3,1,2,1,2
1,1,0,2,2,0,0,2,1,0
1,2,0,1,2,1,0,2,1,2
3,1,0,2,2,1,3,1,1,0
1,1,2,1,1,1,3,0,0,0
1,0,1,1,1,2,2,2,1,3
1,0,2,1,2,0,3,2,1,3
2,3,1,1,2,1,1,1,0,3
0,3,0,1,1,1,0,2,0,2
3,3,2,1,1,0,1,0,1,2
0,0,0,0,2,0,2,1,1,3
1,0,2,0,0,2,2,0,1,0
2,1,1,0,1,0,1,1,1,0
0,1,2,0,0,1,1,2,0,1
1,0,2,1,3,2,1,0,1,0
2,1,0,1,2,3,0,0,0,3
0,3,0,0,2,3,0,2,1,1
0,0,2,1,1,1,2,1,1,0
2,3,0,1,1,2,3,0,1,2
3,2,0,2,0,1,1,0,0,3
1,1,1,0,2,0,2,2,0,0
2,2,1,2,2,2,3,2,0,1
1,0,2,0,0,0,3,0,0,2
0,3,1,1,1,3,2,0,1,2
3,0,2,2,2,3,1,1,1,1
2,2,2,0,2,3,3,1,1,3
0,0,0,2,2,0,1,1,1,0
2,0,2,2,2,3,1,1,1,3
3,2,0,0,3,0,2,1,1,0
0,2,0,2,2,0,2,0,0,1
0,1,2,2,3,0,1,2,0,3
1,1,2,0,2,2,3,2,1,2
1,2,0,2,3,1,1,2,1,3
3,3,0,1,1,1,1,2,0,2
1,2,0,2,3,1,2,1,0,2
3,2,2,1,0,0,1,2,1,3
2,0,2,1,1,1,1,0,0,3
0,3,0,0,3,3,2,2,0,0
0,1,0,1,2,1,0,1,1,0
0,2,1,1,0,2,1,2,0,2
1,1,2,2,2,0,0,1,1,3
1,1,1,2,1,1,2,0,0,0
1,1,2,0,2,3,3,0,0,1
0,3,0,1,0,0,2,2,0,3
3,1,0,1,1,3,1,2,0,1
1,3,0,1,0,3,3,2,1,3
1,1,0,2,3,3,2,2,0,2
1,1,1,2,1,0,2,1,0,3
3,0,0,0,1,2,2,1,1,1
3,1,2,0,3,3,1,2,0,2
1,2,2,0,1,3,1,1,1,3
1,1,2,1,2,1,1,1,1,2
3,0,0,2,1,3,2,0,0,2
0,3,2,0,1,2,2,1,0,0
2,0,0,0,2,0,3,2,1,0
0,3,0,2,2,3,2,0,1,0
0,2,0,2,3,0,3,1,1,3
1,2,1,0,2,0,1,1,1,3
2,3,2,0,0,1,3,2,0,3
3,0,0,2,2,2,2,2,1,2
3,3,0,1,3,2,0,0,0,3
0,0,0,0,2,1,2,1,1,2
3,2,1,2,3,2,1,1,1,1
0,3,0,1,3,2,2,0,0,2
2,3,0,2,3,1,2,0,1,3
1,1,2,2,3,1,3,0,0,1
2,2,0,0,3,3,1,2,0,0
3,1,0,2,2,1,0,1,1,1
3,0,0,1,3,3,0,1,1,0
1,3,2,1,2,0,0,0,0,0
3,2,0,1,3,0,2,2,1,1
0,2,1,0,0,0,1,0,1,1
3,3,1,1,0,3,2,1,1,3
2,1,1,0,0,2,1,0,1,0
2,1,2,0,1,2,0,0,0,1
1,1,2,1,3,0,2,0,1,3
2,2,0,0,0,3,1,2,1,0
1,2,1,1,2,0,0,2,1,0
0,0,2,0,0,3,0,0,0,1
2,3,2,2,0,3,1,0,0,0
0,3,1,1,0,1,2,0,1,0
2,1,1,2,2,0,2,0,0,2
3,3,0,2,1,3,2,2,0,0
2,2,2,1,3,0,0,0,1,0
3,0,0,1,2,3,0,1,0,2
0,1,2,2,0,0,1,2,1,1
1,0,2,0,2,3,2,2,1,1
3,0,1,2,3,2,2,2,0,1
2,2,1,0,3,3,3,1,0,1
3,2,2,1,2,2,1,1,1,1
3,1,1,1,1,0,2,2,1,0
1,3,1,0,0,1,1,1,0,0
3,0,0,1,1,0,3,2,1,2
2,1,1,1,0,2,0,0,1,0
3,3,1,0,2,0,0,0,1,3
1,1,1,2,1,1,2,1,1,1
1,2,1,0,2,2,3,0,1,3
1,3,2,0,0,1,2,2,1,2
3,2,1,1,2,1,1,2,0,0
3,1,1,0,2,1,3,0,1,3
3,3,2,1,0,2,3,2,1,1
3,2,0,1,1,3,1,0,1,2
3,3,0,0,2,1,3,1,1,1
1,1,1,0,1,1,3,0,0,0
3,1,2,0,1,1,0,2,0,2
3,0,0,2,0,2,1,2,1,0
3,3,0,0,1,3,1,0,0,2
1,2,2,2,1,1,1,2,0,1
3,0,2,2,2,2,0,0,1,3
3,2,2,2,2,1,0,1,0,2
3,2,1,2,2,1,2,0,1,2
0,1,2,1,2,2,0,2,0,0
2,0,2,0,3,0,1,0,1,1
0,0,2,0,0,2,1,1,0,0
1,2,1,0,2,2,0,0,0,1
2,2,1,2,2,1,1,2,0,0
1,2,1,1,0,0,2,1,0,2
3,0,0,2,0,1,0,0,0,2
3,3,2,1,0,3,2,1,1,0
2,1,0,1,3,0,1,1,1,0
3,2,2,1,1,2,1,2,1,1
1,0,2,2,2,3,0,1,0,2
0,1,2,2,3,3,3,1,0,2
2,3,2,1,3,1,3,0,1,1
0,1,0,2,3,3,0,1,1,0
1,3,0,1,2,3,1,0,0,0
1,0,0,0,3,1,0,2,0,2
2,2,0,2,2,3,0,0,1,3
1,0,0,0,2,3,3,1,1,2
1,0,1,0,1,3,2,0,0,1
0,2,0,2,2,3,2,1,0,2
3,1,1,1,2,0,1,2,1,0
1,2,2,0,1,2,1,0,0,2
1,2,1,2,3,2,3,0,0,3
0,1,1,1,3,2,3,1,1,1
1,1,1,1,2,1,0,2,1,3
3,3,1,0,0,3,1,1,0,3
1,2,2,0,0,1,1,1,1,0
1,0,0,1,2,1,0,2,0,3
1,3,2,2,3,2,0,1,1,3
0,3,1,0,0,1,3,2,0,0
0,1,2,0,3,0,1,2,1,3
0,0,1,1,1,3,2,2,0,0
2,1,0,0,0,2,1,0,1,3
1,2,1,1,1,0,3,2,1,2
2,0,1,1,0,1,2,1,1,1
3,1,1,1,3,1,2,1,1,0
3,1,2,1,3,3,0,0,0,3
3,2,0,1,0,2,1,0,0,2
0,3,1,0,3,3,3,1,0,3
0,2,1,2,2,1,3,1,0,1
0,0,2,1,1,3,0,2,1,0
2,0,2,2,1,3,2,0,1,3
0,3,0,1,1,3,2,0,1,2
2,0,1,1,2,2,3,1,1,3
2,2,1,2,3,2,1,0,1,1
0,1,0,2,0,3,0,1,1,1
3,0,2,2,2,0,1,2,1,0
0,0,2,0,2,3,2,2,0,1
2,0,2,1,2,1,0,0,0,3
0,1,1,1,0,3,1,0,1,2
0,1,0,0,0,3,2,1,0,0
0,1,0,1,1,3,2,2,1,0
2,3,1,2,1,3,3,1,1,1
0,0,2,2,2,0,2,1,0,2
0,2,1,0,2,3,3,2,0,3
3,1,0,0,1,3,3,0,1,0
0,3,0,1,1,1,2,1,0,1
0,2,0,2,2,3,3,1,0,0
1,1,2,1,0,0,0,1,1,0
1,3,1,2,0,3,3,0,0,1
3,1,0,0,0,0,0,0,0,1
0,2,0,0,2,0,1,1,1,1
1,2,0,1,3,0,2,0,1,1
0,2,1,0,2,3,1,2,1,1
2,3,0,1,2,0,0,1,0,3
2,0,1,0,3,3,2,0,1,3
1,1,2,2,0,2,3,1,1,2
3,1,0,0,1,1,0,1,1,0
2,3,1,0,1,1,1,0,1,1
0,3,2,1,2,1,2,0,1,2
2,1,0,0,1,0,2,2,0,2
1,3,2,2,0,3,2,1,0,3
1,1,2,1,3,2,0,0,1,3
0,2,0,0,3,3,2,0,1,3
3,0,2,2,3,0,3,0,1,0
0,1,1,1,1,1,2,1,0,0
1,1,0,2,2,2,0,2,1,0
2,3,2,1,2,0,1,2,1,3
2,0,2,0,0,0,3,2,1,1
0,2,0,2,3,2,0,0,1,2
2,3,0,2,2,0,3,0,0,2
1,0,2,1,2,1,0,2,0,0
0,2,1,1,2,2,1,1,1,3
1,3,1,2,3,2,0,1,0,0
3,3,0,2,3,2,1,1,1,3
2,0,0,1,1,1,1,0,1,3
0,0,1,2,1,3,0,1,0,3
0,2,2,1,1,0,2,2,0,1
0,3,1,2,0,1,2,1,1,1
1,1,1,1,0,1,0,1,1,3
2,1,2,2,0,3,0,1,0,3
3,2,2,0,2,3,3,1,0,3
0,3,0,2,3,3,2,2,0,1
2,2,1,1,1,1,3,2,0,2
0,0,1,1,2,1,2,2,1,1
2,0,0,1,2,3,3,1,0,1
1,0,0,1,2,2,3,1,1,3
1,1,2,2,1,1,2,1,1,1
2,2,2,1,1,0,1,1,1,1
3,2,1,0,0,2,2,1,1,2
2,0,1,1,0,3,3,0,1,2
3,0,1,2,2,3,3,2,1,2
0,1,2,1,2,0,2,2,1,1
1,2,1,1,2,2,2,2,1,1
3,2,2,2,1,1,1,2,1,2
1,0,0,2,1,0,2,2,1,2
2,1,1,2,3,1,1,0,0,2
1,0,0,1,0,0,2,2,0,2
3,3,2,1,0,0,1,0,0,1
2,0,0,1,3,2,2,2,1,1
3,2,2,1,1,3,0,1,0,2
0,1,0,1,1,2,0,0,1,0
1,1,2,2,3,2,2,0,0,2
2,3,2,0,2,2,1,0,0,2
3,2,2,2,1,3,1,2,1,3
0,3,0,0,0,2,2,0,1,2
1,1,1,0,2,0,2,1,0,3
0,0,1,0,1,1,1,1,1,3
0,3,0,2,2,1,0,2,1,1
2,2,2,0,1,3,0,0,0,1
3,3,0,0,2,2,0,2,0,3
1,2,0,1,0,2,3,0,1,0
1,3,2,2,2,3,2,2,1,2
1,2,2,0,2,1,3,1,0,0
1,0,2,0,0,2,1,0,0,1
1,0,0,2,0,0,0,2,0,1
2,1,2,0,1,1,1,1,1,3
2,3,0,2,3,2,2,0,0,1
2,1,0,2,2,0,2,0,1,3
1,0,0,2,0,3,0,0,1,1
2,3,1,2,1,3,1,2,1,0
2,0,1,0,0,2,2,0,1,3
0,3,0,2,1,1,1,2,0,1
0,3,1,0,0,1,0,0,1,3
0,0,1,2,2,1,1,1,1,1
0,3,0,0,3,0,0,0,0,2
3,0,2,0,2,0,0,1,1,0
1,3,0,0,1,0,3,0,0,2
3,0,0,1,3,1,2,1,1,2
0,3,2,1,3,0,1,2,0,0
1,1,1,2,2,2,0,0,0,1
3,0,0,0,2,3,2,0,1,2
0,3,2,2,0,0,0,0,0,1
0,3,2,2,3,0,0,2,0,2
3,1,0,1,0,2,2,0,1,2
0,0,0,2,2,2,2,1,1,0
0,0,0,1,2,1,3,1,0,1
0,1,1,1,0,1,2,1,1,2
1,2,0,1,0,1,2,2,1,3
0,3,2,2,1,2,3,2,0,1
0,0,1,2,3,3,3,2,1,1
2,2,2,1,3,1,0,1,1,0
2,1,0,2,2,0,3,1,0,2
1,2,0,1,1,1,1,0,0,1
0,0,0,1,3,2,2,1,1,1
0,1,1,2,2,0,2,1,0,1
3,1,1,0,2,0,0,0,1,0
2,3,2,1,1,3,1,2,0,2
2,2,0,2,1,1,0,0,0,1
3,3,2,2,0,1,2,2,1,3
1,3,2,2,2,3,0,2,0,2
1,1,2,1,0,3,1,2,0,3
2,1,2,1,0,2,0,1,1,3
1,2,2,2,2,2,1,1,1,3
0,1,0,2,2,1,3,1,1,2
1,3,1,0,2,2,0,2,0,2
1,2,0,0,1,1,3,2,1,0
1,3,1,0,1,1,1,1,1,2
1,2,0,0,1,1,2,0,0,3
1,3,2,1,3,1,0,2,0,3
2,1,1,1,1,2,1,1,0,2
0,1,1,1,0,2,1,1,0,3
0,1,2,1,0,2,3,2,0,2
3,2,0,2,1,2,3,0,0,2
3,2,0,0,2,0,2,1,1,2
0,3,2,2,3,2,1,1,0,1
1,0,0,2,2,1,1,2,1,3
0,1,1,0,2,0,2,0,1,1
3,3,2,1,0,1,0,2,0,2
2,3,1,2,3,2,2,0,0,3
1,2,1,2,2,0,2,1,1,0
1,3,1,1,0,0,0,2,0,2
2,3,2,1,3,1,2,2,0,3
0,1,2,2,1,3,1,2,0,2
1,0,1,2,1,1,1,1,0,1
2,1,1,0,3,0,1,0,0,2
0,2,0,0,2,1,1,2,0,0
1,3,1,1,0,2,1,1,0,3
2,3,1,2,0,2,2,2,0,1
0,0,0,2,1,1,2,1,1,3
3,2,2,1,1,1,2,1,0,2
3,0,0,1,1,3,0,2,0,1
0,3,0,2,0,2,2,2,1,0
1,1,1,2,3,1,1,1,1,0
1,3,2,0,2,3,1,1,0,1
0,1,0,0,0,0,3,1,1,0
2,3,2,0,2,1,3,1,0,2
1,0,2,2,0,2,1,2,0,2
2,2,0,1,2,3,0,0,1,3
3,3,0,2,2,0,1,0,1,0
1,3,2,0,3,1,1,2,0,1
1,2,0,0,3,1,2,2,1,0
1,0,2,1,2,3,0,2,0,3
1,2,0,0,3,1,2,2,0,1
1,1,1,0,3,3,3,2,1,0
2,3,1,1,0,3,2,2,0,0
1,3,1,2,1,0,0,1,1,3
3,3,0,2,0,1,2,2,0,0
3,3,2,1,1,3,1,2,1,2
1,1,0,2,2,3,1,1,1,1
2,2,2,0,0,2,0,1,0,3
1,3,0,1,1,2,0,1,1,2
3,3,0,1,1,1,1,0,1,2
1,1,0,0,1,0,1,0,1,0
1,0,2,1,3,0,0,2,1,1
3,1,0,2,2,0,0,1,0,1
0,0,2,2,1,1,0,0,0,1
0,1,0,2,3,1,2,2,0,2
3,1,0,0,1,3,1,0,0,2
3,0,2,0,1,1,0,0,1,0
1,2,0,1,3,3,1,0,0,0
2,2,2,0,0,1,1,0,0,2
0,2,1,1,2,2,2,1,1,3
2,0,1,2,3,1,3,0,0,3
1,0,1,2,0,0,0,0,1,0
2,1,1,0,2,1,0,0,0,1
1,3,0,1,2,2,2,2,1,3
3,1,0,1,1,0,0,2,0,1
1,2,2,0,0,1,1,1,1,1
2,2,0,1,1,2,0,1,1,1
0,1,1,1,1,1,2,0,1,3
3,0,1,0,1,1,0,0,0,0
2,2,1,2,2,1,0,2,0,2
2,0,0,0,3,0,3,1,1,2
0,3,1,2,1,0,2,1,1,0
1,0,1,0,1,3,2,1,0,2
3,2,2,1,2,2,3,1,1,1
3,3,1,0,1,3,1,0,0,3
1,2,0,2,3,0,1,0,1,1
2,3,0,0,0,2,1,1,1,0
2,0,0,0,0,2,0,2,0,1
1,3,0,0,0,1,3,1,1,1
1,1,1,2,1,1,3,2,1,3
2,2,1,0,3,2,1,0,1,3
1,3,0,0,2,1,3,2,0,1
2,2,1,2,1,0,3,0,1,1
1,1,0,0,1,0,2,0,0,3
1,3,1,0,2,1,1,1,1,3
1,0,2,2,0,2,2,2,0,2
2,1,1,0,1,0,2,2,0,2
3,0,1,1,2,1,2,2,1,3
0,1,1,1,0,2,0,0,1,0
3,1,1,2,2,2,3,1,0,1
1,2,1,0,1,3,1,0,0,2
2,1,0,0,1,1,2,1,1,2
1,0,2,0,2,0,2,1,0,0
3,3,1,2,1,3,1,2,0,2
2,2,0,0,1,2,1,0,0,2
0,0,2,0,3,2,0,2,0,0
0,1,2,1,1,3,1,2,1,0
1,1,1,2,3,1,3,0,1,0
0,3,0,2,2,1,2,0,1,1
2,1,0,1,2,2,1,0,0,0
3,0,2,0,3,0,0,0,0,2
0,3,0,0,3,3,2,1,0,2
1,3,2,0,1,0,3,0,0,2
3,2,0,2,2,0,1,0,0,2
3,0,0,1,0,2,3,2,1,0
3,3,1,0,2,1,0,2,1,3
2,0,1,2,3,3,2,0,0,1
0,2,1,1,3,3,1,0,0,1
3,3,2,1,2,2,0,2,1,0
1,3,0,2,3,2,2,1,0,0
3,3,0,0,1,3,3,2,0,0
2,2,2,1,2,2,1,2,0,0
0,1,0,1,1,1,3,1,1,0
2,1,2,0,3,3,1,0,0,1
2,2,1,0,3,0,3,2,1,2
1,2,0,2,1,1,1,1,0,3
1,2,1,0,3,3,2,1,1,2
0,1,2,0,1,2,0,0,1,3
3,1,0,1,2,1,3,1,0,2
1,2,2,0,2,1,2,2,0,1
3,1,0,2,2,0,3,0,1,3
1,2,2,0,0,1,2,2,1,0
3,2,2,1,0,2,2,1,1,1
3,3,2,0,0,2,3,0,1,2
1,0,2,1,2,0,3,2,1,1
3,2,0,0,0,1,1,2,1,3
0,2,2,2,3,2,0,1,1,0
2,1,1,2,0,2,0,1,1,1
